id,first_name,last_name,email,gender,ip_address,date_of_birth
1,Timofei,Dinsell,tdinsell0@apache.org,Male,95.208.50.149,5/16/1995
2,Lew,Peck,lpeck1@google.co.jp,Male,208.250.110.112,9/12/1997
3,Nonna,Stanbrooke,nstanbrooke2@arizona.edu,Female,248.92.66.68,8/20/1994
4,Betsey,Lockery,blockery3@google.es,Female,7.64.22.54,3/22/1995
5,Jarret,Lowndes,jlowndes4@wikipedia.org,Male,235.160.177.205,10/28/1994
6,Rosabel,Ivimey,rivimey5@last.fm,Female,195.145.28.72,5/2/1994
7,Miller,Diwell,mdiwell6@tinyurl.com,Male,36.155.245.9,12/10/1993
8,Michail,Stibbs,mstibbs7@businessweek.com,Male,86.207.209.169,6/12/1997
9,Mady,Whilde,mwhilde8@barnesandnoble.com,Female,141.232.239.43,12/28/1993
10,Kelvin,Batrim,kbatrim9@sina.com.cn,Male,244.77.198.54,5/21/1995
11,Magnum,Koopman,mkoopmana@phoca.cz,Male,128.198.244.20,2/5/1995
12,Oberon,Haccleton,ohaccletonb@ox.ac.uk,Male,233.13.196.234,12/7/1996
13,Iseabal,Jaffa,ijaffac@godaddy.com,Female,101.195.225.119,11/23/1993
14,Paule,Olczyk,polczykd@ted.com,Female,20.18.235.152,12/19/1994
15,Dora,Jeannel,djeannele@marketwatch.com,Female,86.34.65.118,6/27/1997
16,Noelani,Smithe,nsmithef@hubpages.com,Female,69.88.240.94,11/27/1993
17,Ebenezer,Allinson,eallinsong@dion.ne.jp,Male,15.174.99.160,11/23/1995
18,Arabel,Farraway,afarrawayh@unesco.org,Female,69.67.60.234,5/1/1993
19,Ed,Godwyn,egodwyni@sogou.com,Male,163.5.190.134,10/28/1997
20,Isidore,Wall,iwallj@merriam-webster.com,Male,229.248.60.121,5/11/1994
21,Augustus,Tremberth,atremberthk@ebay.com,Male,139.21.73.232,5/1/1996
22,Darb,MacCaughan,dmaccaughanl@fda.gov,Female,159.230.142.75,12/14/1994
23,Morena,Janda,mjandam@cbslocal.com,Female,35.109.57.109,11/14/1993
24,Cthrine,Bavester,cbavestern@marriott.com,Female,228.4.181.179,4/9/1995
25,Larina,Eskrick,leskricko@salon.com,Female,138.177.207.50,5/1/1994
26,Elianora,M'Chirrie,emchirriep@scientificamerican.com,Female,190.33.219.72,7/21/1994
27,Serene,McGillecole,smcgillecoleq@vistaprint.com,Female,12.150.53.141,3/4/1997
28,Mick,Klaves,mklavesr@netvibes.com,Male,87.96.22.29,8/23/1993
29,Gardener,McKeran,gmckerans@woothemes.com,Male,166.208.219.26,12/17/1997
30,Natale,Symonds,nsymondst@nytimes.com,Male,189.131.138.33,4/27/1996
31,Lacee,Cumbes,lcumbesu@irs.gov,Female,51.113.2.163,7/9/1995
32,Leslie,Cadigan,lcadiganv@usatoday.com,Male,199.131.23.134,3/8/1995
33,Milissent,Ealam,mealamw@cdc.gov,Female,113.232.193.203,3/26/1993
34,Timothea,Donisthorpe,tdonisthorpex@lycos.com,Female,228.92.50.2,4/18/1995
35,Glory,Dahlman,gdahlmany@si.edu,Female,60.122.179.213,9/22/1996
36,Cosimo,Dady,cdadyz@addthis.com,Male,141.40.21.252,9/10/1995
37,Wildon,Fooks,wfooks10@meetup.com,Male,226.249.175.97,12/14/1996
38,Eilis,Lukehurst,elukehurst11@disqus.com,Female,247.137.44.16,5/19/1997
39,Jewel,Bortolini,jbortolini12@tmall.com,Female,9.134.227.174,12/28/1994
40,Toni,Pischoff,tpischoff13@sfgate.com,Female,216.195.114.68,5/20/1995
41,Ogden,Gerard,ogerard14@1und1.de,Male,20.208.45.107,9/27/1997
42,Ivory,Chalke,ichalke15@istockphoto.com,Female,200.172.70.67,12/5/1995
43,Hali,Perillo,hperillo16@zdnet.com,Female,94.3.49.187,7/3/1993
44,Arne,Ghion,aghion17@goodreads.com,Male,115.182.12.207,3/28/1995
45,Nata,Branchet,nbranchet18@hatena.ne.jp,Female,175.75.52.211,2/25/1993
46,Albert,Annwyl,aannwyl19@moonfruit.com,Male,180.191.114.20,1/8/1995
47,Alessandro,Jorin,ajorin1a@newsvine.com,Male,127.183.109.244,3/26/1997
48,Nerty,Pester,npester1b@marriott.com,Female,110.15.152.213,10/10/1995
49,Sholom,Baison,sbaison1c@vkontakte.ru,Male,180.200.145.182,6/4/1997
50,Aubry,Kield,akield1d@pcworld.com,Female,177.173.55.100,5/21/1996
51,Ros,Gravestone,rgravestone1e@unc.edu,Female,89.142.123.191,3/23/1993
52,Laurella,Eastcott,leastcott1f@flickr.com,Female,171.10.21.228,5/7/1997
53,Ric,McGovern,rmcgovern1g@edublogs.org,Male,103.90.52.230,4/16/1997
54,Mordecai,Swindle,mswindle1h@sciencedaily.com,Male,154.98.117.230,11/2/1994
55,Brenden,Jacquot,bjacquot1i@liveinternet.ru,Male,68.178.33.133,10/23/1994
56,Joshuah,Gallichiccio,jgallichiccio1j@nature.com,Male,58.74.147.24,10/2/1993
57,Irvine,Debold,idebold1k@adobe.com,Male,93.201.39.210,10/7/1993
58,Ediva,Fomichkin,efomichkin1l@webs.com,Female,122.184.111.19,9/29/1993
59,Bella,Witherow,bwitherow1m@huffingtonpost.com,Female,29.17.214.214,1/10/1997
60,Velma,Washbrook,vwashbrook1n@latimes.com,Female,28.160.144.145,12/3/1996
61,Clair,Woolbrook,cwoolbrook1o@163.com,Male,78.220.199.196,5/12/1995
62,Brent,Jaynes,bjaynes1p@shutterfly.com,Male,122.183.225.41,10/28/1996
63,Blanca,Waything,bwaything1q@usa.gov,Female,254.143.41.35,8/30/1996
64,Karol,Fansy,kfansy1r@reddit.com,Female,82.200.71.159,7/13/1993
65,Delinda,Legion,dlegion1s@bizjournals.com,Female,159.159.22.44,11/8/1994
66,Laverna,Paxforde,lpaxforde1t@about.me,Female,192.19.30.248,2/24/1996
67,Mac,Rollett,mrollett1u@blinklist.com,Male,139.243.76.203,2/27/1994
68,Tedmund,Jansa,tjansa1v@auda.org.au,Male,52.70.178.99,10/25/1997
69,Penni,Duffer,pduffer1w@adobe.com,Female,99.54.138.96,8/11/1993
70,Lyndsey,Elford,lelford1x@aol.com,Female,83.49.89.190,8/2/1997
71,Broddy,Garvin,bgarvin1y@ca.gov,Male,129.167.39.86,8/21/1993
72,Patrizio,Winterson,pwinterson1z@marketwatch.com,Male,79.124.246.18,1/15/1994
73,Marcellina,Cristou,mcristou20@google.co.jp,Female,162.0.80.171,5/19/1996
74,Jens,Libri,jlibri21@cocolog-nifty.com,Male,140.70.67.175,6/3/1997
75,Martguerita,Volkes,mvolkes22@toplist.cz,Female,167.94.34.53,7/18/1997
76,Cedric,Vern,cvern23@dailymotion.com,Male,83.165.106.20,9/12/1995
77,Daniele,Garmston,dgarmston24@lulu.com,Female,175.7.70.13,2/24/1994
78,Elfrieda,Lawler,elawler25@issuu.com,Female,220.11.95.216,1/15/1997
79,Sarge,Brecknock,sbrecknock26@mapy.cz,Male,11.62.22.172,12/4/1997
80,Fidelio,Melin,fmelin27@linkedin.com,Male,43.198.1.73,7/9/1993
81,Roda,Forrest,rforrest28@cmu.edu,Female,51.70.73.121,12/27/1995
82,Timi,Domerq,tdomerq29@bloglines.com,Female,2.138.84.9,5/27/1995
83,Robbie,Itzkovici,ritzkovici2a@sciencedaily.com,Female,197.212.118.90,6/30/1993
84,Enrique,Draco,edraco2b@ycombinator.com,Male,248.195.59.199,1/27/1996
85,Addy,Skilbeck,askilbeck2c@hhs.gov,Male,12.48.199.237,1/11/1997
86,Lorene,Gregolin,lgregolin2d@fotki.com,Female,131.247.31.202,12/18/1994
87,Sibylle,Lintill,slintill2e@ucla.edu,Female,5.103.141.121,1/4/1997
88,Garold,Corteney,gcorteney2f@163.com,Male,1.37.173.79,7/7/1993
89,Gabbi,Joontjes,gjoontjes2g@usatoday.com,Female,136.16.56.219,5/16/1997
90,Gregoire,Elington,gelington2h@e-recht24.de,Male,246.227.69.247,8/9/1993
91,Hewie,Cudmore,hcudmore2i@flickr.com,Male,195.9.53.175,10/8/1994
92,Tandie,Mosdell,tmosdell2j@indiatimes.com,Female,19.165.155.199,7/2/1993
93,Mac,Pidgin,mpidgin2k@whitehouse.gov,Male,155.156.124.184,7/24/1993
94,Jonathon,Goodanew,jgoodanew2l@telegraph.co.uk,Male,140.97.79.211,6/15/1997
95,Tiff,Bellenger,tbellenger2m@sina.com.cn,Female,180.12.138.217,3/15/1995
96,Thorny,Pigrome,tpigrome2n@cocolog-nifty.com,Male,82.198.49.110,6/7/1993
97,Casey,Dinneges,cdinneges2o@hibu.com,Female,171.113.124.42,6/15/1997
98,Nadine,Jachimczak,njachimczak2p@uiuc.edu,Female,132.241.115.23,6/22/1995
99,Zsa zsa,Mulholland,zmulholland2q@pagesperso-orange.fr,Female,204.157.252.14,5/29/1994
100,Dallis,Handmore,dhandmore2r@aol.com,Male,121.57.92.246,9/29/1995
